"Title","Artists","Year","Rank","Rating","Genres"
"To Pimp a Butterfly","Kendrick Lamar","2015","1","4.38","Conscious Hip Hop, Jazz Rap, Political Hip Hop, Neo-Soul"
"OK Computer","Radiohead","1997","2","4.30","Alternative Rock, Art Rock, Post-Britpop, Space Rock Revival"
"In Rainbows","Radiohead","2007","3","4.33","Art Rock, Alternative Rock, Electronic, Dream Pop"
"Wish You Were Here","Pink Floyd","1975","4","4.37","Progressive Rock, Art Rock, Space Rock, Psychedelic Rock"
"In the Court of the Crimson King","King Crimson","1969","5","4.33","Progressive Rock, Art Rock, Symphonic Prog, Jazz-Rock"
"Good Kid M.A.A.D City","Kendrick Lamar","2012","6","4.33","Conscious Hip Hop, Hardcore Hip Hop, Pop Rap"
"Kid A","Radiohead","2000","7","4.25","Art Rock, Electronic, Ambient, IDM"
"Madvillainy","Madvillain","2004","8","4.33","Abstract Hip Hop, Jazz Rap, Experimental Hip Hop"
"The Dark Side of the Moon","Pink Floyd","1973","9","4.27","Art Rock, Progressive Rock, Psychedelic Rock, Space Rock"
"Loveless","my bloody valentine","1991","10","4.25","Shoegaze, Noise Pop, Dream Pop, Neo-Psychedelia"
"Abbey Road","The Beatles","1969","11","4.30","Pop Rock, Psychedelic Pop, Progressive Pop"
"Remain in Light","Talking Heads","1980","12","4.26","New Wave, Post-Punk, Funk Rock, Funk, Afrobeat"
"The Rise and Fall of Ziggy Stardust and The Spiders From Mars","David Bowie","1972","13","4.26","Glam Rock, Pop Rock, Art Rock, Rock Opera"
"Lift Yr. Skinny Fists Like Antennas to Heaven!","Godspeed You Black Emperor!","2000","14","4.27","Post-Rock, Field Recordings, Drone"
"Illmatic","Nas","1994","15","4.27","Boom Bap, Hardcore Hip Hop, Conscious Hip Hop, Jazz Rap"
"Revolver","The Beatles","1966","16","4.23","Pop Rock, Psychedelic Pop, Psychedelic Rock, Psychedelic Pop"
"Paranoid","Black Sabbath","1970","17","4.24","Heavy Metal, Hard Rock, Traditional Doom Metal, Blues Rock"
"Vespertine","Björk","2001","18","4.28","Art Pop, Electronic, Glitch Pop, Ambient Pop, Glitch Pop"
"Disintegration","The Cure","1989","19","4.26","Gothic Rock, Post-Punk, Dream Pop, Ethereal Wave"
"The Black Saint and the Sinner Lady","Mingus","1963","20","4.33","Avant-Garde Jazz, Third Stream, Experimental Big Band, Flamenco Jazz"
"The Velvet Underground & Nico","The Velvet Underground & Nico","1967","21","4.19","Art Rock, Experimental Rock, Proto-Punk, Noise Rock"
"A Love Supreme","John Coltrane","1965","22","4.30","Spiritual Jazz, Modal Jazz, Post-Bop"
"Animals","Pink Floyd","1977","23","4.21","Progressive Rock, Art Rock, Psychedelic Rock, Hard Rock"
"Red","King Crimson","1974","24","4.27","Progressive Rock, Art Rock, Jazz-Rock, Hard Rock"
"Kind of Blue","Miles Davis","1959","25","4.24","Modal Jazz, Cool Jazz"
"Songs in the Key of Life","Stevie Wonder","1976","26","4.31","Progressive Soul, Soul, Funk, Smooth Soul"
"Pet Sounds","The Beach Boys","1966","27","4.19","Baroque Pop, Sunshine Pop, Psychedelic Pop"
"Long Season","Fishmans","1996","28","4.22","Neo-Psychedelia, Dream Pop, Dub, Ambient Pop"
"Igor","Tyler The Creator","2019","29","4.12","Neo-Soul, Alternative R&B, Synth Funk"
"Heaven or Las Vegas","Cocteau Twins","1990","30","4.20","Dream Pop, Ethereal Wave, Shoegaze"
"My Beautiful Dark Twisted Fantasy","Kanye West","2010","31","4.08","Pop Rap, Hip Hop, Art Pop, Hardcore Hip Hop"
"The College Dropout","Kanye West","2004","32","4.15","Chipmunk Soul, Pop Rap, Conscious Hip Hop, Neo-Soul"
"Dummy","Portishead","1994","33","4.19","Trip Hop, Dark Jazz, Acid Jazz"
"Enter the Wu-Tang (36 Chambers)","Wu-Tang Clan","1993","34","4.22","Boom Bap, Hardcore Hip Hop"
"Spiderland","Slint","1991","35","4.16","Post-Rock, Post-Hardcore, Math Rock, Spoken Word, Experimental Rock"
"Pink Moon","Nick Drake","1972","36","4.20","Contemporary Folk, Singer-Songwriter, Folk Baroque, Loner Folk"
"In the Aeroplane Over the Sea","Neutral Milk Hotel","1998","37","4.08","Indie Folk, Indie Rock, Psychedelic Folk, Singer-Songwriter"
"The Money Store","Death Grips","2012","38","4.11","Industrial Hip Hop, Hardcore Hip Hop, Experimental Hip Hop, Glitch Hop, Abstract Hip Hop"
"Souvlaki","Slowdive","1993","39","4.15","Dream Pop, Shoegaze, Space Rock Revival, Neo-Psychedelia"
"The Queen Is Dead","The Smiths","1986","40","4.13","Jangle Pop, Indie Pop, Post-Punk, Neo-Acoustic"
"The Glow Pt. 2","The Microphones","2001","41","4.18","Indie Folk, Psychedelic Folk, Slacker Rock, Noise Rock, Avant-Folk"
"Sgt. Pepper's Lonely Hearts Club Band","The Beatles","1967","42","4.12","Psychedelic Pop, Pop Rock, Psychedelic Rock, Art Rock"
"Discovery","Daft Punk","2001","43","4.14","French House, Electro-Disco, Funky House"
"What's Going On","Marvin Gaye","1971","44","4.21","Progressive Soul, Soul, Smooth Soul, Philly Soul"
"Homogenic","Björk","1997","45","4.16","Art Pop, Electronic, Trip Hop, IDM"
"Blonde","Frank Ocean","2016","46","4.09","Alternative R&B, Art Pop, Ambient Pop, Singer-Songwriter"
"Unknown Pleasures","Joy Division","1979","47","4.10","Post-Punk, Gothic Rock"
"Either / Or","Elliott Smith","1997","48","4.18","Singer-Songwriter, Indie Folk, Indie Pop, Slacker Rock"
"F♯A♯∞","Godspeed You Black Emperor!","1997","49","4.18","Post-Rock, Field Recordings, Spoken Word"
"In a Silent Way","Miles Davis","1969","50","4.23","Jazz Fusion, Modal Jazz, Avant-Garde Jazz, Ambient"
"The Beatles [White Album]","The Beatles","1968","51","4.14","Pop Rock, Rock, Blues Rock, Psychedelic Rock"
"Atrocity Exhibition","Danny Brown","2016","52","4.14","Experimental Hip Hop, Hardcore Hip Hop, Abstract Hip Hop, Industrial Hip Hop"
"The Low End Theory","A Tribe Called Quest","1991","53","4.17","Jazz Rap, Conscious Hip Hop, Boom Bap, Boom Bap"
"Selected Ambient Works 85-92","Aphex Twin","1992","54","4.11","Ambient Techno, IDM, Ambient, Chillout"
"Close to the Edge","Yes","1972","55","4.19","Symphonic Prog"
"Deathconsciousness","Have a Nice Life","2008","56","4.13","Post-Punk, Shoegaze, Gothic Rock, Drone, Post-Rock"
"★ [Blackstar]","David Bowie","2016","57","4.15","Art Rock, Jazz-Rock, Experimental Rock"
"98.12.28 Otokotachi no wakare","Fishmans","1999","58","4.40","Dream Pop, Neo-Psychedelia, Dub, Ambient Pop"
"Nevermind","Nirvana","1991","59","4.05","Grunge, Alternative Rock, Punk Rock"
"Mm..Food","MF DOOM","2004","60","4.15","Abstract Hip Hop, Experimental Hip Hop, Jazz Rap"
"Hounds of Love","Kate Bush","1985","61","4.15","Art Pop, Progressive Pop, Baroque Pop, Synthpop"
"Illinois","Sufjan Stevens","2005","62","4.14","Chamber Pop, Singer-Songwriter, Chamber Folk, Progressive Pop"
"Low","David Bowie","1977","63","4.13","Art Rock, Ambient, Ambient, Electronic"
"Marquee Moon","Television","1977","64","4.14","Art Punk, Art Rock, Post-Punk, Glam Punk"
"Bitches Brew","Miles Davis","1970","65","4.19","Jazz Fusion, Avant-Garde Jazz, Jazz-Rock, Jazz-Funk"
"Highway 61 Revisited","Bob Dylan","1965","66","4.16","Folk Rock, Singer-Songwriter, Blues Rock, Contemporary Folk, Blues Rock"
"Endtroducing.....","DJ Shadow","1996","67","4.13","Instrumental Hip Hop, Experimental Hip Hop, Plunderphonics, Trip Hop, Turntablism"
"Grace","Jeff Buckley","1994","68","4.13","Alternative Rock, Singer-Songwriter, Art Rock"
"In Utero","Nirvana","1993","69","4.07","Grunge, Noise Rock, Post-Hardcore, Pigfuck"
"Master of Reality","Black Sabbath","1971","70","4.14","Heavy Metal, Traditional Doom Metal, Traditional Doom Metal"
"Soundtracks for the Blind","Swans","1996","71","4.16","Experimental Rock, Post-Rock, Experimental, Drone, Dark Ambient"
"Donuts","J Dilla","2006","72","4.14","Instrumental Hip Hop, Plunderphonics, Experimental Hip Hop, Soul"
"Led Zeppelin [IV]","Led Zeppelin","1971","73","4.10","Hard Rock, Blues Rock, Folk Rock"
"Ants From Up There","Black Country New Road","2022","74","4.04","Art Rock, Post-Rock, Chamber Pop, Chamber Music, Indie Rock"
"Late Registration","Kanye West","2005","75","4.06","Pop Rap, Conscious Hip Hop, Neo-Soul"
"Doolittle","Pixies","1989","76","4.08","Indie Rock, Alternative Rock, Noise Pop, Surf Rock"
"Electric Ladyland","The Jimi Hendrix Experience","1968","77","4.16","Blues Rock, Acid Rock, Psychedelic Rock, Hard Rock, Heavy Psych"
"The Downward Spiral","Nine Inch Nails","1994","78","4.11","Industrial Rock, Industrial Metal, Electro-Industrial"
"Mezzanine","Massive Attack","1998","79","4.10","Trip Hop, Dub, Illbient"
"The Doors","The Doors","1967","80","4.09","Psychedelic Rock, Blues Rock, Acid Rock"
"Station to Station","David Bowie","1976","81","4.14","Art Rock, Funk Rock, Blue-Eyed Soul, Funk Rock"
"Ride the Lightning","Metallica","1984","82","4.08","Thrash Metal, Heavy Metal"
"Imaginal Disk","Magdalena Bay","2024","83","4.09","Neo-Psychedelia, Synthpop, Chillwave, Dance-Pop"
"Laughing Stock","Talk Talk","1991","84","4.14","Post-Rock, Art Rock, Experimental Rock, Jazz-Rock"
"Blood on the Tracks","Bob Dylan","1975","85","4.15","Singer-Songwriter, Folk Rock, Contemporary Folk, Contemporary Folk"
"Blonde on Blonde","Bob Dylan","1966","86","4.14","Folk Rock, Singer-Songwriter, Blues Rock"
"Symbolic","Death","1995","87","4.15","Technical Death Metal, Progressive Metal, Melodic Death Metal"
"Karma","Pharoah Sanders","1969","88","4.17","Spiritual Jazz, Avant-Garde Jazz, Free Jazz, Soul Jazz"
"Carrie & Lowell","Sufjan Stevens","2015","89","4.10","Indie Folk, Singer-Songwriter, Chamber Folk, Ambient Pop"
"Love Deluxe","Sade","1992","90","4.16","Smooth Soul, Sophisti-Pop, Downtempo, Smooth Jazz, Neo-Soul"
"Closer","Joy Division","1980","91","4.07","Post-Punk, Gothic Rock, Gothic Rock, Coldwave"
"Aquemini","OutKast","1998","92","4.13","Conscious Hip Hop, Neo-Soul, Funk"
"Since I Left You","The Avalanches","2000","93","4.08","Plunderphonics, Dance, Instrumental Hip Hop, Nu-Disco"
"Clube da esquina","Milton Nascimento & Lô Borges","1972","94","4.16","MPB, Psychedelic Pop, Baroque Pop"
"Velocity : Design : Comfort","Sweet Trip","2003","95","4.08","Glitch Pop, IDM, Dream Pop, Glitch"
"Midnight Marauders","A Tribe Called Quest","1993","96","4.13","Jazz Rap, Boom Bap, Conscious Hip Hop"
"Is This It","The Strokes","2001","97","4.00","Garage Rock Revival, Indie Rock, Post-Punk Revival"
"Black Sabbath","Black Sabbath","1970","98","4.07","Heavy Metal, Hard Rock, Occult Rock, Blues Rock, Traditional Doom Metal"
"Innervisions","Stevie Wonder","1973","99","4.15","Soul, Progressive Soul, Funk, Smooth Soul"
"Stop Making Sense","Talking Heads","1984","100","4.34","New Wave, Film Soundtrack, Post-Punk, Funk, Mutant Disco"
"Master of Puppets","Metallica","1986","101","4.03","Thrash Metal, Progressive Metal, Heavy Metal"
"Are You Experienced","The Jimi Hendrix Experience","1967","102","4.09","Blues Rock, Acid Rock, Psychedelic Rock, Hard Rock"
"Songs of Leonard Cohen","Leonard Cohen","1967","103","4.12","Contemporary Folk, Singer-Songwriter, Chamber Folk"
"Piñata","Freddie Gibbs & Madlib","2014","104","4.09","Gangsta Rap, Coke Rap, Jazz Rap, Mafioso Rap"
"Rubber Soul","The Beatles","1965","105","4.01","Pop Rock, Folk Rock, Psychedelic Pop"
"Pornography","The Cure","1982","106","4.07","Gothic Rock, Post-Punk, Coldwave, Neo-Psychedelia"
"Toxicity","System of a Down","2001","107","4.03","Alternative Metal, Nu Metal, Avant-Garde Metal"
"To Be Kind","Swans","2014","108","4.06","Experimental Rock, Post-Rock, Noise Rock, Drone"
"Rumours","Fleetwood Mac","1977","109","4.05","Pop Rock, Soft Rock, Folk Pop, Country Pop"
"Liquid Swords","Genius/GZA","1995","110","4.11","Hardcore Hip Hop, Boom Bap, Conscious Hip Hop"
"The Velvet Underground","The Velvet Underground","1969","111","4.08","Pop Rock, Folk Rock, Art Rock"
"When the Pawn","Fiona Apple","1999","112","4.11","Singer-Songwriter, Piano Rock, Alternative Rock, Art Pop, Chamber Pop"
"Hot Rats","Frank Zappa","1969","113","4.08","Jazz-Rock, Jazz Fusion, Progressive Rock, Jam Band"
"The Lonesome Crowded West","Modest Mouse","1997","114","4.09","Indie Rock, Slacker Rock, Post-Hardcore, Midwest Emo"
"All Things Must Pass","George Harrison","1970","115","4.12","Pop Rock, Singer-Songwriter, Folk Rock, Jam Band, Folk Rock"
"Ágætis byrjun","Sigur Rós","1999","116","4.05","Post-Rock, Dream Pop, Ambient"
"Thriller","Michael Jackson","1982","117","4.05","Contemporary R&B, Dance-Pop, Disco, Funk"
"Violator","Depeche Mode","1990","118","4.06","Synthpop, Darkwave, Alternative Dance"
"Leaves Turn Inside You","Unwound","2001","119","4.11","Indie Rock, Post-Hardcore, Post-Rock, Post-Rock, Art Rock"
"Future Days","Can","1973","120","4.10","Krautrock, Psychedelic Rock, Ambient"
"Twin Fantasy","Car Seat Headrest","2018","121","4.03","Indie Rock, Singer-Songwriter, Power Pop"
"Giant Steps","John Coltrane","1960","122","4.12","Hard Bop, Modal Jazz, Post-Bop"
"Daydream Nation","Sonic Youth","1988","123","4.03","Noise Rock, Alternative Rock, Slacker Rock, Post-Punk, Experimental Rock"
"The Infamous","Mobb Deep","1995","124","4.12","Boom Bap, Gangsta Rap, Jazz Rap"
"The Magnolia Electric Co","Songs: Ohia","2003","125","4.12","Alt-Country, Country Rock, Folk Rock, Americana"
"My Favorite Things","John Coltrane","1961","126","4.13","Modal Jazz, Post-Bop, Cool Jazz"
"Post","Björk","1995","127","4.01","Art Pop, Electronic, Trip Hop, Alternative Dance"
"A Moon Shaped Pool","Radiohead","2016","128","3.97","Art Pop, Art Rock, Chamber Pop, Ambient Pop, Electronic"
"Music Has the Right to Children","Boards of Canada","1998","129","4.02","IDM, Downtempo, Hauntology, Ambient, Trip Hop"
"Spirit of Eden","Talk Talk","1988","130","4.08","Post-Rock, Art Rock, Chamber Jazz, Jazz-Rock"
"Tago Mago","Can","1971","131","4.06","Krautrock, Psychedelic Rock, Experimental Rock, Sound Collage, Experimental"
"The Bends","Radiohead","1995","132","3.89","Alternative Rock, Post-Britpop, Britpop, Emo"
"Blue","Joni Mitchell","1971","133","4.07","Singer-Songwriter, Contemporary Folk, Folk Pop"
"Music for 18 Musicians","Steve Reich / Steve Reich and Musicians","1978","134","4.11","Minimalism, Process Music, American Gamelan"
"London Calling","The Clash","1979","135","4.01","New Wave, Punk Rock, Ska, Reggae"
"Geogaddi","Boards of Canada","2002","136","4.05","IDM, Hauntology, Downtempo, Ambient, Downtempo"
"Swans Are Dead","Swans","1998","137","4.31","Post-Rock, Experimental Rock, Drone, Noise Rock"
"Siamese Dream","Smashing Pumpkins","1993","138","4.02","Alternative Rock, Shoegaze, Grunge"
"Bringing It All Back Home","Bob Dylan","1965","139","4.08","Folk Rock, Singer-Songwriter, Contemporary Folk, Electric Blues, Blues Rock"
"Flood","Boris","2000","140","4.08","Post-Rock, Drone, Ambient, Drone Metal"
"Dopethrone","Electric Wizard","2000","141","4.06","Stoner Metal, Doom Metal, Sludge Metal"
"Ys","Joanna Newsom","2006","142","4.06","Chamber Folk, Progressive Folk, Singer-Songwriter"
"Untrue","Burial","2007","143","4.00","Future Garage, Dubstep, Ambient, 2-Step"
"Songs for the Deaf","Queens of the Stone Age","2002","144","4.01","Stoner Rock, Alternative Rock, Stoner Metal, Radio Broadcast Recordings"
"Fun House","The Stooges","1970","145","4.06","Garage Rock, Proto-Punk, Hard Rock, Noise Rock, Garage Psych"
"White Pony","Deftones","2000","146","3.99","Alternative Metal, Nu Metal, Shoegaze"
"Dirt","Alice in Chains","1992","147","4.02","Grunge, Alternative Metal, Stoner Metal, Sludge Metal"
"El jardín de los presentes","Invisible","1976","148","4.12","Progressive Rock, Art Rock, Jazz-Rock, Psychedelic Rock"
"The Dreaming","Kate Bush","1982","149","4.06","Art Pop, Progressive Pop, Art Rock, Experimental Rock"
"Titanic Rising","Weyes Blood","2019","150","4.00","Baroque Pop, Art Pop, Progressive Pop, Dream Pop"
"Rust in Peace","Megadeth","1990","151","4.03","Thrash Metal, Technical Thrash Metal, Heavy Metal"
"Discipline","King Crimson","1981","152","4.05","Art Rock, Progressive Rock, New Wave, Avant-Prog, Math Rock"
"Journey in Satchidananda","Alice Coltrane featuring Pharoah Sanders","1971","153","4.10","Spiritual Jazz, Avant-Garde Jazz, Hindustani Classical Music, Post-Bop"
"White Light / White Heat","The Velvet Underground","1968","154","4.01","Experimental Rock, Noise Rock, Proto-Punk, Garage Rock, Psychedelic Rock"
"The Miseducation of Lauryn Hill","Lauryn Hill","1998","155","4.04","Neo-Soul, Hip Hop, Contemporary R&B, Conscious Hip Hop, Boom Bap"
"Jenny Death","Death Grips","2015","156","4.06","Noise Rock, Experimental Hip Hop, Industrial Hip Hop, Synth Punk, Hardcore Hip Hop"
"Silent Hill 2","Akira Yamaoka","2001","157","4.27","Video Game Music, Ambient, Trip Hop, Dark Ambient"
"You Will Never Know Why","Sweet Trip","2009","158","4.06","Indie Pop, Dream Pop, Indie Rock, Indietronica, Progressive Pop"
"Rage Against the Machine","Rage Against the Machine","1992","159","3.99","Rap Metal, Funk Metal, Political Hip Hop"
"After the Gold Rush","Neil Young","1970","160","4.06","Folk Rock, Singer-Songwriter, Country Rock, Country Folk"
"Mingus Ah Um","Charles Mingus","1959","161","4.09","Post-Bop, Hard Bop, Cool Jazz"
"Turn On the Bright Lights","Interpol","2002","162","3.98","Post-Punk Revival, Post-Rock, Dream Pop"
"Feedbacker","Boris","2003","163","4.05","Post-Metal, Drone Metal, Drone, Noise, Psychedelic Rock"
"Fôrça bruta","Jorge Ben","1970","164","4.13","Samba Soul, MPB, Samba-rock"
"Hunky Dory","David Bowie","1971","165","3.99","Pop Rock, Glam Rock, Art Rock, Singer-Songwriter, Piano Rock"
"Minecraft: Volume Alpha","C418","2011","166","4.20","Soundtrack, Ambient, Video Game Music, Impressionism, Progressive Electronic"
"Five Leaves Left","Nick Drake","1969","167","4.05","Singer-Songwriter, Chamber Folk, Contemporary Folk, Folk, Baroque"
"Uchu Nippon Setagaya","Fishmans","1997","168","4.07","Dream Pop, Downtempo, Ambient Pop, Dub, Trip Hop"
"Perfect From Now On","Built to Spill","1997","169","4.07","Indie Rock, Art Rock, Post-Rock, Midwest Emo"
"Meddle","Pink Floyd","1971","170","3.98","Progressive Rock, Space Rock, Psychedelic Rock"
"Voodoo","D'Angelo","2000","171","4.07","Neo-Soul, Funk, Contemporary R&B"
"Flower Boy","Tyler The Creator","2017","172","3.90","Hip Hop, Neo-Soul, Synth Funk"
"LP!","JPEGMAFIA","2021","173","4.00","Experimental Hip Hop, Hardcore Hip Hop, Cloud Rap, Alternative R&B"
"Black on Both Sides","Mos Def","1999","174","4.08","Conscious Hip Hop, Boom Bap, Neo-Soul"
"ATLiens","OutKast","1996","175","4.06","Hip Hop, Conscious Hip Hop, Neo-Soul"
"Yeezus","Kanye West","2013","176","3.86","Experimental Hip Hop, Industrial Hip Hop, Hardcore Hip Hop"
"Ready to Die","The Notorious B.I.G.","1994","177","4.04","Gangsta Rap, Boom Bap, Mafioso Rap, G-Funk"
"Rain Dogs","Tom Waits","1985","178","4.04","Singer-Songwriter, Experimental Rock, Dark Cabaret, Blues Rock"
"On the Beach","Neil Young","1974","179","4.08","Singer-Songwriter, Country Rock, Folk Rock, Blues Rock, Country Folk"
"The Smile Sessions","The Beach Boys","2011","180","4.25","Archival, Baroque Pop, Psychedelic Pop, Progressive Pop, Sunshine Pop, Sound Collage"
"Larks' Tongues in Aspic","King Crimson","1973","181","4.04","Progressive Rock, Avant-Prog, Experimental Rock"
"We Got It From Here… Thank You 4 Your Service","A Tribe Called Quest","2016","182","4.05","Conscious Hip Hop, Jazz Rap, Political Hip Hop, Boom Bap"
"Heroes","David Bowie","1977","183","4.00","Art Rock, Ambient, Electronic"
"Alive 2007","Daft Punk","2007","184","4.25","Live, French House, Mashup, French Electro, Electro House, Progressive House"
"Odessey and Oracle","The Zombies","1968","185","4.05","Psychedelic Pop, Baroque Pop, Sunshine Pop"
"Modal Soul","Nujabes","2005","186","4.04","Jazz Rap, Instrumental Hip Hop, Deep House, Conscious Hip Hop"
"Head Hunters","Herbie Hancock","1973","187","4.04","Jazz-Funk, Jazz Fusion"
"Acabou chorare","Novos Baianos","1972","188","4.10","MPB, Samba, Samba-rock, Tropicália"
"Another Green World","Eno","1975","189","4.01","Art Rock, Electronic, Ambient"
"Bocanada","Gustavo Cerati","1999","190","4.08","Downtempo, Art Pop, Neo-Psychedelia, Trip Hop, Dream Pop"
"Aja","Steely Dan","1977","191","4.03","Jazz-Rock, Yacht Rock, Funk Rock, Jazz Pop"
"Dots and Loops","Stereolab","1997","192","4.04","Art Pop, Indietronica, Ambient Pop, Space Age Pop, Lounge"
"Rust Never Sleeps","Neil Young & Crazy Horse","1979","193","4.09","Singer-Songwriter, Folk Rock, Country Rock, Hard Rock, Acoustic Rock"
"Lateralus","Tool","2001","194","3.98","Alternative Metal, Progressive Metal, Post-Metal"
"Get Up With It","Miles Davis","1974","195","4.09","Jazz Fusion, Jazz-Funk, Avant-Garde Jazz, Jazz-Rock, Ambient"
"Mount Eerie","The Microphones","2003","196","4.04","Avant-Folk, Psychedelic Folk, Drone, Tribal Ambient"
"Live in Chicago","Ween","2020","197","4.32","Archival Live, Alternative Rock, Psychedelic Rock, Comedy Rock, Neo-Psychedelia"
"Fear of Music","Talking Heads","1979","198","4.00","New Wave, Post-Punk, Art Punk, Funk Rock, Dance-Punk"
"Construção","Chico Buarque","1971","199","4.09","MPB, Singer-Songwriter, Samba"
"Quebec","Ween","2003","200","4.04","Neo-Psychedelia, Art Rock, Alternative Rock, Experimental Rock, Folk Rock"
"Bottomless Pit","Death Grips","2016","201","3.96","Industrial Hip Hop, Abstract Hip Hop, Experimental Hip Hop, Digital Hardcore, Noise Rock"
"Jane Doe","Converge","2001","202","4.01","Mathcore, Metalcore, Sludge Metal, Hardcore Punk"
"Painkiller","Judas Priest","1990","203","4.05","Heavy Metal, Speed Metal, Power Metal"
"Purple Rain","Prince and The Revolution","1984","204","4.14","Pop Rock, Film Soundtrack, Dance-Pop, Funk Rock"
"Treasure","Cocteau Twins","1984","205","4.00","Dream Pop, Ethereal Wave, Gothic Rock"
"Human","Death","1991","206","4.05","Technical Death Metal, Progressive Metal"
"The Stone Roses","The Stone Roses","1989","207","4.01","Baggy, Jangle Pop, Neo-Psychedelia"
"Funeral","Arcade Fire","2004","208","3.93","Indie Rock, Chamber Pop, Art Pop, Post-Punk Revival"
"Expensive Shit","Fela Kuti & The Africa '70","1975","209","4.07","Afrobeat, Jazz-Funk"
"Townes Van Zandt","Townes Van Zandt","1969","210","4.07","Singer-Songwriter, Country Folk, Contemporary Folk"
"The Seer","Swans","2012","211","4.00","Experimental Rock, Post-Rock, Drone, Noise Rock"
"Elliott Smith","Elliott Smith","1995","212","4.03","Singer-Songwriter, Indie Folk"
"Artaud","Pescado Rabioso","1973","213","4.07","Singer-Songwriter, Folk Rock, Psychedelic Rock, Psychedelic Folk"
"MTV Unplugged in New York","Nirvana","1994","214","4.17","Acoustic Rock, Alternative Rock, Grunge, Folk Rock"
"Live Rope","Swans","2024","215","4.27","Post-Rock, Experimental Rock, Drone, Noise Rock"
"Live at Red Rocks '22","King Gizzard & The Lizard Wizard","2023","216","4.27","Psychedelic Rock, Jam Band, Heavy Psych, Acid Rock"
"Songs of Love and Hate","Leonard Cohen","1971","217","4.05","Singer-Songwriter, Contemporary Folk, Chamber Folk"
"En el Palacio de Bellas Artes","Juan Gabriel","1990","218","4.28","Canción melódica, Mariachi, Ranchera, Bolero"
"Ege Bamyası","Can","1972","219","4.01","Krautrock, Psychedelic Rock, Funk Rock"
"Art Blakey and The Jazz Messengers [Moanin']","Art Blakey and The Jazz Messengers","1959","220","4.07","Hard Bop"
"Twin Peaks","Angelo Badalamenti","1990","221","4.20","Television Music, Dark Jazz, Ambient, Dream Pop, Lounge"
"Scaring the Hoes","JPEGMAFIA & Danny Brown","2023","222","3.91","Experimental Hip Hop, Hardcore Hip Hop, Industrial Hip Hop, Jazz Rap"
"Stratosphere","Duster","1998","223","3.97","Slowcore, Slacker Rock, Space Rock Revival, Post-Rock"
"None So Vile","Cryptopsy","1996","224","4.04","Brutal Death Metal, Technical Death Metal"
"Powerslave","Iron Maiden","1984","225","4.01","Heavy Metal, Progressive Metal"
"A Tábua de Esmeralda","Jorge Ben","1974","226","4.08","MPB, Samba-rock, Samba Soul, Psychedelic Pop"
"Demon Days","Gorillaz","2005","227","3.90","Art Pop, Alternative Rock, Hip Hop, Alternative Dance"
"Ram","Paul McCartney / Linda McCartney","1971","228","4.04","Pop Rock, Folk Pop, Blues Rock"
"Hellfire","black midi","2022","229","3.94","Avant-Prog, Brutal Prog, Jazz-Rock, Art Rock"
"Speaking in Tongues","Talking Heads","1983","230","3.99","New Wave, Synth Funk, Mutant Disco, Art Rock"
"Let My Children Hear Music","Charles Mingus","1972","231","4.08","Third Stream, Experimental Big Band, Progressive Big Band"
"Sound of Silver","LCD Soundsystem","2007","232","3.96","Indietronica, Dance-Punk Revival, Alternative Dance, New Rave"
"First Utterance","Comus","1971","233","4.03","Progressive Folk, Psychedelic Folk, Wyrd Folk, Avant-Folk, Neo-Pagan Folk"
"KIDS SEE GHOSTS","KIDS SEE GHOSTS","2018","234","3.88","Pop Rap, Experimental Hip Hop, Neo-Psychedelia, Art Pop"
"Selling England by the Pound","Genesis","1973","235","4.01","Symphonic Prog, Progressive Rock, English Folk Music"
"Curtis","Curtis Mayfield","1970","236","4.06","Chicago Soul, Progressive Soul, Funk, Psychedelic Soul"
"Have One on Me","Joanna Newsom","2010","237","4.05","Chamber Folk, Singer-Songwriter, Progressive Folk"
"The New Sound","Geordie Greep","2024","238","3.96","Jazz-Rock, Progressive Rock, Art Rock, Latin Rock, Avant-Prog"
"Dragon New Warm Mountain I Believe in You","Big Thief","2022","239","3.99","Indie Folk, Folk Rock, Americana, Indie Rock"
"Third","Portishead","2008","240","3.99","Electronic, Experimental Rock, Krautrock, Post-Industrial"
"Relationship of Command","At the Drive-In","2000","241","4.00","Post-Hardcore, Emo"
"The Forever Story","JID","2022","242","4.00","Conscious Hip Hop, Trap, Neo-Soul"
"A Crow Looked at Me","Mount Eerie","2017","243","3.99","Singer-Songwriter, Indie Folk, Slowcore"
"The Velvet Rope","Janet","1997","244","4.06","Contemporary R&B, Pop, Neo-Soul, Trip Hop"
"Magical Mystery Tour","The Beatles","1967","245","4.07","Psychedelic Pop, Pop Rock, Television Music, Psychedelic Rock, Sunshine Pop"
"Reign in Blood","Slayer","1986","246","3.97","Thrash Metal, Death Metal"
"Blue Train","John Coltrane","1958","247","4.03","Hard Bop"
"Everybody Knows This Is Nowhere","Neil Young / Crazy Horse","1969","248","4.03","Country Rock, Folk Rock, Hard Rock"
"Sometimes I Might Be Introvert","Little Simz","2021","249","3.98","Conscious Hip Hop, Neo-Soul, Jazz Rap"
"XO","Elliott Smith","1998","250","4.02","Singer-Songwriter, Indie Pop, Chamber Pop, Indie Folk"
"Sign ☮︎ the Times","Prince","1987","251","4.03","Contemporary R&B, Funk, Synth Funk, Soul"
"Some Rap Songs","Earl Sweatshirt","2018","252","3.91","Abstract Hip Hop, Experimental Hip Hop, Drumless, Jazz Rap"
"Kalk samen kuri no hana","Sheena Ringo","2003","253","4.04","Art Pop, Art Rock, Progressive Pop, Chamber Pop, Jazz Pop"
"Ghosts of the Great Highway","Sun Kil Moon","2003","254","4.04","Folk Rock, Singer-Songwriter, Slowcore, Alt-Country"
"The Fire This Time","Various Artists","2002","255","4.07","IDM, Audio Documentary, Spoken Word, Field Recordings, Ambient Techno"
"The Long Goodbye: LCD Soundsystem Live at Madison Square Garden","LCD Soundsystem","2014","256","4.25","Indietronica, Dance-Punk, Alternative Dance, New Rave, Synthpop"
"Yankee Hotel Foxtrot","Wilco","2002","257","3.95","Indie Rock, Art Rock, Americana, Alt-Country"
"The Mollusk","Ween","1997","258","3.99","Neo-Psychedelia, Art Rock, Psychedelic Rock, Sea Shanty"
"Getz / Gilberto","Stan Getz & João Gilberto","1964","259","4.01","Bossa nova, Samba-jazz, Cool Jazz, Samba-canção"
"Blackwater Park","Opeth","2001","260","4.00","Progressive Metal, Death Metal, Progressive Rock"
"Hejira","Joni Mitchell","1976","261","4.05","Singer-Songwriter, Folk Rock, Jazz Fusion, Progressive Folk"
"Maggot Brain","Funkadelic","1971","262","3.99","Funk Rock, Psychedelic Rock, Funk, Psychedelic Soul"
"The Olatunji Concert: The Last Live Recording","John Coltrane","2001","263","4.22","Free Jazz, Spiritual Jazz"
"Windswept Adan","Ichiko Aoba","2020","264","4.00","Chamber Folk, Singer-Songwriter, Ambient, New Age"
"The Fragile","Nine Inch Nails","1999","265","4.01","Industrial Rock, Art Rock, Alternative Rock, Industrial Metal, Post-Rock"
"Zombie","Fela Kuti / The Africa '70","1977","266","4.05","Afrobeat, Jazz-Funk"
"Sabbath Bloody Sabbath","Black Sabbath","1973","267","3.99","Heavy Metal, Hard Rock, Progressive Rock, Occult Rock"
"Repetition","Unwound","1996","268","4.02","Post-Hardcore, Noise Rock, Post-Punk, Art Punk"
"Fresh Fruit for Rotting Vegetables","Dead Kennedys","1980","269","3.98","Hardcore Punk, Punk Rock, Surf Punk, Anarcho-Punk"
"Black Messiah","D'Angelo and The Vanguard","2014","270","4.02","Neo-Soul, Progressive Soul, Funk, Psychedelic Soul"
"Weezer [Blue Album]","Weezer","1994","271","3.86","Power Pop, Alternative Rock, Geek Rock, Pop Punk"
"Thick as a Brick","Jethro Tull","1972","272","4.01","Progressive Rock, Folk Rock, Progressive Folk"
"Selected Ambient Works Volume II","Aphex Twin","1994","273","3.96","Ambient, Electronic, Dark Ambient, Ambient Techno"
"Pastel Blues","Nina Simone","1965","274","4.04","Vocal Jazz, Soul, Rhythm & Blues, Blues, Piano Blues"
"The Name of This Band Is Talking Heads","Talking Heads","1982","275","4.22","New Wave, Post-Punk, Art Punk, Funk Rock, Art Rock"
"The Life of Pablo","Kanye West","2016","276","3.83","Pop Rap, Experimental Hip Hop, Contemporary R&B, Trap"
"If You're Feeling Sinister","Belle and Sebastian","1996","277","3.97","Chamber Pop, Twee Pop, Chamber Folk, Neo-Acoustic"
"Led Zeppelin","Led Zeppelin","1969","278","3.91","Hard Rock, Blues Rock, Psychedelic Rock"
"Vaudeville Villain","Viktor Vaughn","2003","279","4.00","Abstract Hip Hop, Hardcore Hip Hop, Experimental Hip Hop"
"Sticky Fingers","The Rolling Stones","1971","280","3.98","Blues Rock, Country Rock, Hard Rock"
"Raw Power","The Stooges","1973","281","3.99","Proto-Punk, Garage Rock, Hard Rock, Noise Rock, Glam Rock"
"Moment of Truth","Gang Starr","1998","282","4.04","Boom Bap, Conscious Hip Hop, Jazz Rap"
"Roseland NYC Live","Portishead","1998","283","4.21","Trip Hop, Acid Jazz, Psychedelic Rock"
"After the Night","Parannoul","2023","284","4.21","Shoegaze, Indie Rock, Emo, Noise Pop, Noise Rock"
"IX. Symphonie","Ludwig van Beethoven / Berliner Philharmoniker / Herbert von Karajan","1963","285","4.07","Romanticism, Symphony, Choral Symphony, Classical Period"
"Bryter Layter","Nick Drake","1971","286","3.98","Singer-Songwriter, Chamber Folk, Baroque Pop, Jazz Pop"
"Cosmo's Factory","Creedence Clearwater Revival","1970","287","4.01","Swamp Rock, Blues Rock, Country Rock"
"Crooked Rain, Crooked Rain","Pavement","1994","288","3.96","Indie Rock, Slacker Rock, Noise Pop"
"The Glowing Man","Swans","2016","289","3.99","Post-Rock, Experimental Rock, Drone, Noise Rock"
"0","Ichiko Aoba","2013","290","4.01","Contemporary Folk, Singer-Songwriter, Field Recordings, Avant-Folk"
"Daughter of Darkness","Natural Snow Buildings","2009","291","4.03","Drone, Free Folk, Ritual Ambient, Noise, Tribal Ambient"
"Physical Graffiti","Led Zeppelin","1975","292","3.96","Hard Rock, Blues Rock, Folk Rock"
"The Dance of the Moon and the Sun","Natural Snow Buildings","2006","293","4.04","Drone, Psychedelic Folk, Avant-Folk, Ambient, Free Folk"
"Live at Massey Hall 1971","Neil Young","2007","294","4.22","Singer-Songwriter, Contemporary Folk, Folk Rock"
"Channel Orange","Frank Ocean","1912","295","3.87","Alternative R&B, Contemporary R&B, Neo-Soul, Psychedelic Soul"
"Drukqs","Aphex Twin","2001","296","3.95","Drill and Bass, IDM, Ambient, Impressionism"
"Fragile","Yes","1971","297","3.96","Progressive Rock, Symphonic Prog"
"The Sound of Perseverance","Death","1998","298","3.98","Progressive Metal, Technical Death Metal, Melodic Death Metal, Technical Thrash Metal"
"Hot Buttered Soul","Isaac Hayes","1969","299","4.02","Progressive Soul, Funk, Deep Soul"
"Clics modernos","Charly García","1983","300","4.04","New Wave, Synthpop, Art Pop"
"Mirage","Camel","1974","301","4.00","Symphonic Prog, Progressive Rock, Canterbury Scene"
"Brat","Charli XCX","2024","302","3.82","Electropop, Electronic Dance Music, Dance-Pop, Bubblegum Bass, Electro House"
"Black Sabbath Vol. 4","Black Sabbath","1972","303","3.96","Heavy Metal, Hard Rock, Traditional Doom Metal"
"Things Fall Apart","The Roots","1999","304","4.00","Jazz Rap, Boom Bap"
"The Wall","Pink Floyd","1979","305","3.83","Rock Opera, Art Rock, Symphonic Rock, Progressive Rock"
"The Kinks Are the Village Green Preservation Society","The Kinks","1968","306","3.99","Pop Rock, Baroque Pop, Psychedelic Pop"
"Harvest","Neil Young","1972","307","3.98","Country Rock, Folk Rock, Singer-Songwriter"
"Blues & Roots","Charlie Mingus","1960","308","4.03","Post-Bop, Hard Bop, Avant-Garde Jazz"
"Shouso Strip","Sheena Ringo","2000","309","4.02","Shimokita-kei, Noise Pop, Art Rock"
"Absent Lovers: Live in Montreal 1984","King Crimson","1998","310","4.22","Progressive Rock, New Wave, Avant-Prog, Experimental Rock"
"This Is Happening","LCD Soundsystem","2010","311","3.94","Indietronica, Dance-Punk Revival, Dance-Punk, New Wave, New Rave"
"Die Mensch-Maschine","Kraftwerk","1978","312","3.95","Synthpop, Electronic, Progressive Electronic, Space Disco"
"Rock Dream","Boris with Merzbow","2007","313","4.20","Noise Rock, Drone Metal, Post-Metal, Noise, Stoner Rock"
"Live at Revolution Hall","Adrianne Lenker","2025","314","4.21","Singer-Songwriter, Indie Folk, Field Recordings, Tape Music"
"Ænima","Tool","1996","315","3.93","Alternative Metal, Progressive Metal, Progressive Rock"
"Still Life","Opeth","1999","316","3.99","Progressive Metal, Death Metal, Progressive Rock"
"Graduation","Kanye West","2007","317","3.80","Pop Rap, Electropop, Electro Hop"
"Forever Changes","Love","1967","318","3.95","Psychedelic Pop, Baroque Pop, Psychedelic Rock, Psychedelic Folk"
"Kyuusai no gihou","Susumu Hirasawa 平沢進","1998","319","4.03","Art Pop, Progressive Pop, Electronic, New Age, Electropop"
"American Football","American Football","1999","320","3.87","Midwest Emo, Post-Rock, Math Rock"
"The Moon & Antarctica","Modest Mouse","2000","321","3.96","Indie Rock, Art Rock, Neo-Psychedelia"
"Heavy Metal","Cameron Winter","2024","322","3.97","Singer-Songwriter, Chamber Folk, Americana, Soul"
"Dark Magus","Miles Davis","1977","323","4.19","Jazz Fusion, Jazz-Funk, Jazz-Rock, Avant-Garde Jazz, Acid Rock"
"Seventh Son of a Seventh Son","Iron Maiden","1988","324","3.98","Heavy Metal, Progressive Metal"
"Plastic Beach","Gorillaz","2010","325","3.88","Electropop, Art Pop, Indietronica, Hip Hop, Alternative Dance"
"Songs About Leaving","Carissa's Wierd","2002","326","3.98","Slowcore, Chamber Pop"
"Live 1966 - The Royal Albert Hall Concert","Bob Dylan","1998","327","4.19","Folk Rock, Contemporary Folk, Singer-Songwriter, Blues Rock, Electric Blues"
"Led Zeppelin II","Led Zeppelin","1969","328","3.90","Hard Rock, Blues Rock, Psychedelic Rock"
"The Winter Ray","Natural Snow Buildings","2004","329","4.04","Post-Rock, Ambient, Drone, Radio Broadcast Recordings, Psychedelic Folk"
"Mellon Collie and the Infinite Sadness","The Smashing Pumpkins","1995","330","3.92","Alternative Rock, Dream Pop, Grunge"
"The Great Deceiver: Live 1973-1974","King Crimson","1992","331","4.20","Progressive Rock, Free Improvisation, Avant-Prog"
"The Ascension","Glenn Branca","1981","332","3.97","Noise Rock, Totalism, Experimental Rock, Drone, Post-Rock"
"Wrong","NoMeansNo","1989","333","4.00","Post-Hardcore, Art Punk, Math Rock"
"Promises","Floating Points, Pharoah Sanders & London Symphony Orchestra","2021","334","3.95","Post-Minimalism, Third Stream, Progressive Electronic, Minimalism"
"New Plastic Ideas","Unwound","1994","335","3.99","Post-Hardcore, Noise Rock, Post-Rock, Emocore"
"Entertainment!","Gang of Four","1979","336","3.95","Post-Punk, Dance-Punk, Art Punk"
"Bridge Over Troubled Water","Simon and Garfunkel","1970","337","3.97","Folk Pop, Singer-Songwriter, Folk Rock, Contemporary Folk"
"Off the Wall","Michael Jackson","1979","338","3.95","Disco, Funk, Pop Soul"
"From Mars to Sirius","Gojira","2005","339","3.97","Progressive Metal, Death Metal, Groove Metal, Sludge Metal"
"Love in Us All","Pharoah Sanders","1974","340","4.03","Spiritual Jazz, Free Jazz"
"UNDERTALE","Toby Fox","2015","341","4.15","Video Game Music, Sequencer & Tracker, Digital Fusion, Chiptune, 16-bit"
"By the Time I Get to Phoenix","Injury Reserve","2021","342","3.91","Experimental Hip Hop, Experimental, Glitch Hop, Abstract Hip Hop, Glitch"
"Axis: Bold as Love","The Jimi Hendrix Experience","1967","343","3.95","Psychedelic Rock, Blues Rock, Acid Rock, Hard Rock"
"De todas las flores","Natalia Lafourcade","2022","344","4.00","Singer-Songwriter, Chamber Folk, Vocal Jazz, Bolero, Mexican Folk Music"
"The Number of the Beast","Iron Maiden","1982","345","3.93","Heavy Metal"
"Foxtrot","Genesis","15 September 1972","346","3.98","Symphonic Prog, Progressive Rock"
"Mama's Gun","Erykah Badu","2000","347","4.00","Neo-Soul, Psychedelic Soul, Funk"
"Grasa de las capitales","Serú Girán","1979","348","4.03","Progressive Rock, Jazz-Rock, Symphonic Prog, Progressive Pop"
"Stankonia","OutKast","2000","349","3.93","Hip Hop, Experimental Hip Hop, Dirty South"
"The Ape of Naples","Coil","2005","350","3.96","Post-Industrial, Electronic, Darkwave, Neoclassical Darkwave, Dark Ambient"
"Mista Thug Isolation","Lil Ugly Mane","2012","351","3.94","Memphis Rap, Horrorcore, Chopped and Screwed"
"Plastic Surgery Disasters","Dead Kennedys","1982","352","3.99","Hardcore Punk, Anarcho-Punk, Surf Punk"
"Juju","Siouxsie and The Banshees","1981","353","3.97","Gothic Rock, Post-Punk, Neo-Psychedelia, Deathrock"
"Mystic Stylez","Three-6 Mafia","1995","354","3.98","Memphis Rap, Horrorcore, Gangsta Rap"
"Ascension [Edition I]","John Coltrane","1966","355","3.99","Free Jazz, Spiritual Jazz, Experimental Big Band, Post-Bop"
"MTV Unplugged","Alice in Chains","1996","356","4.16","Acoustic Rock, Grunge, Alternative Rock"
"Strange Days","The Doors","1967","357","3.94","Psychedelic Rock, Blues Rock, Acid Rock"
"Storm of the Light's Bane","Dissection","1995","358","3.98","Melodic Black Metal, Melodic Death Metal"
"Pink","Boris","2005","359","3.94","Noise Rock, Stoner Metal, Stoner Rock, Sludge Metal"
"Ghost Reveries","Opeth","2005","360","3.98","Progressive Metal, Death Metal, Progressive Rock"
"Wild Is the Wind","Nina Simone","1966","361","4.02","Vocal Jazz, Soul, Soul Jazz"
"Hammersmith Odeon, London '75","Bruce Springsteen / E Street Band","2006","362","4.20","Heartland Rock, Jersey Shore Sound, Singer-Songwriter, Rock & Roll"
"The Complete Matrix Tapes","The Velvet Underground","2015","363","4.20","Art Rock, Garage Rock, Pop Rock"
"Kyuss [Welcome to Sky Valley]","Kyuss","1994","364","3.95","Stoner Rock, Stoner Metal, Heavy Psych"
"Promise","Sade","1985","365","4.00","Sophisti-Pop, Smooth Soul, Smooth Jazz, Jazz Pop"
"Nonagon Infinity","King Gizzard and The Lizard Wizard","2016","366","3.92","Psychedelic Rock, Garage Psych, Garage Rock, Heavy Psych, Krautrock"
"The Black Parade","My Chemical Romance","2006","367","3.88","Rock Opera, Alternative Rock, Pop Punk, Glam Rock, Emo-Pop"
"Born to Run","Bruce Springsteen","1975","368","3.95","Heartland Rock, Singer-Songwriter, Piano Rock"
"Moving Pictures","Rush","1981","369","3.93","Progressive Rock, Hard Rock, New Wave"
"Volcanic Bird Enemy and the Voiced Concern","Lil Ugly Mane","2021","370","3.94","Neo-Psychedelia, Indietronica, Trip Hop, Dream Pop"
"At the Mountains of Madness","Electric Masada","2005","371","4.18","Avant-Garde Jazz, Jazz Fusion, Free Jazz, Klezmer"
"Cheat Codes","Danger Mouse & Black Thought","2022","372","3.95","Conscious Hip Hop, Boom Bap, Abstract Hip Hop"
"It Takes a Nation of Millions to Hold Us Back","Public Enemy","1988","373","3.95","Political Hip Hop, Hardcore Hip Hop, Conscious Hip Hop, Turntablism, Experimental Hip Hop"
"Floating Into the Night","Julee Cruise","1989","374","3.97","Ambient Pop, Dream Pop, Sophisti-Pop, Ethereal Wave, Jazz Pop"
"The Great Annihilator","Swans","1995","375","3.94","Post-Punk, Gothic Rock, Experimental Rock, Industrial Rock, Neofolk"
"Blade Runner","Vangelis","1994","376","4.15","Progressive Electronic, Film Score, Space Ambient, New Age, Ambient"
"Requiem","Wolfgang Amadeus Mozart / Franz Xaver Süssmayr","1971","377","4.04","Requiem, Classical Period, Choral"
"Crack the Skye","Mastodon","2009","378","3.96","Progressive Metal, Sludge Metal, Stoner Metal"
"Exodus","The Wailers","1977","379","3.98","Roots Reggae, Pop Reggae, Lovers Rock"
"At Folsom Prison","Johnny Cash","1968","380","4.12","Country, Rockabilly, Outlaw Country"
"Pieces of a Man","Gil Scott-Heron","1971","381","4.00","Soul, Progressive Soul, Jazz-Funk, Soul Jazz"
"The Bootleg Series Vol. 5: Live 1975 - The Rolling Thunder Revue","Bob Dylan","2002","382","4.18","Folk Rock, Singer-Songwriter, Contemporary Folk, Blues Rock"
"Obscura","Gorguts","1998","383","3.96","Dissonant Death Metal, Avant-Garde Metal, Technical Death Metal"
"The Inner Mounting Flame","Mahavishnu Orchestra","1971","384","3.98","Jazz Fusion, Jazz-Rock, Progressive Rock"
"The Nocturnes","Frédéric Chopin / Artur Rubinstein","1967","385","4.02","Romanticism, Nocturne"
"Teens of Denial","CarSeat Headrest","2016","386","3.91","Indie Rock, Power Pop, Garage Rock Revival"
"You're Living All Over Me","Dinosaur","1987","387","3.92","Noise Rock, Slacker Rock, Indie Rock, Post-Hardcore, Noise Pop"
"Javelin","Sufjan Stevens","2023","388","3.94","Indie Folk, Singer-Songwriter, Chamber Folk, Folktronica, Freak Folk"
"Individual Thought Patterns","Death","1993","389","3.97","Technical Death Metal, Progressive Metal"
"Lanquidity","Sun Ra","1978","390","3.99","Jazz Fusion, Jazz-Funk, Avant-Garde Jazz"
"Africa / Brass","The John Coltrane Quartet","1961","391","4.00","Modal Jazz, Post-Bop, Experimental Big Band"
"Swan Lake","Pyotr Tchaikovsky / London Symphony Orchestra / André Previn","1976","392","4.06","Ballet, Romanticism"
"Le sacre du printemps","Igor Stravinsky / New York Philharmonic / Leonard Bernstein","1958","393","4.01","Modern Classical, Ballet, Orchestral Music, Slavic Folk Music"
"The Freewheelin' Bob Dylan","Bob Dylan","1963","394","3.92","Contemporary Folk, Singer-Songwriter, Acoustic Blues, Talking Blues"
"Paul's Boutique","Beastie Boys","1989","395","3.93","Hip Hop, Experimental Hip Hop, Plunderphonics"
"Deceit","This Heat","1981","396","3.93","Experimental Rock, Post-Punk, Avant-Prog, Tape Music"
"Trans Europa Express","Kraftwerk","1977","397","3.94","Progressive Electronic, Electronic, Synthpop"
"Songs From the Big Chair","Tears for Fears","1985","398","3.94","Synthpop, New Wave, Pop Rock, Sophisti-Pop, Progressive Pop"
"Aethiopes","Billy Woods","2022","399","3.95","Abstract Hip Hop, Experimental Hip Hop, Conscious Hip Hop, Drumless, Jazz Rap"
"Keep It Like a Secret","Built to Spill","1999","400","3.96","Indie Rock, Power Pop, Noise Pop"
"On the Corner","Miles Davis","1972","401","3.98","Jazz Fusion, Jazz-Funk, Avant-Garde Jazz, Deep Funk"
"Lo mato","Willie Colón / Héctor Lavoe","1973","402","4.02","Salsa dura, Descarga, Son cubano"
"Close to a World Below","Immolation","2000","403","3.99","Death Metal, Dissonant Death Metal, Technical Death Metal"
"DELTARUNE: Chapters 3+4","Toby Fox","2025","404","4.18","Digital Fusion, Video Game Music, Sequencer & Tracker, Chiptune, 16-bit"
"Películas","La Máquina de Hacer Pájaros","1977","405","4.02","Progressive Rock, Jazz-Rock, Symphonic Prog, Jazz Fusion"
"Prince and the Revolution: Live","Prince and The Revolution","2020","406","4.19","Minneapolis Sound, Pop Rock, Synthpop, Funk Rock"
"Surfer Rosa","Pixies","1988","407","3.88","Indie Rock, Alternative Rock, Noise Rock, Post-Hardcore"
"Crumbling","Mid-Air Thief","2018","408","3.92","Neo-Psychedelia, Folktronica, Psychedelic Pop, Psychedelic Folk, Progressive Pop"
"Filosofem","Burzum","1996","409","3.88","Atmospheric Black Metal, Ambient, Black Ambient, Dungeon Synth"
"The Shape of Jazz to Come","Ornette Coleman","1959","410","3.96","Avant-Garde Jazz, Free Jazz, Post-Bop"
"Pink Flag","Wire","1977","411","3.92","Punk Rock, Art Punk, Post-Punk, Indie Rock"
"Frances the Mute","The Mars Volta","2005","412","3.94","Progressive Rock, Experimental Rock, Art Rock, Latin Rock, Psychedelic Rock"
"Microphones in 2020","The Microphones","2020","413","3.95","Singer-Songwriter, Indie Folk, Avant-Folk, Drone, Progressive Folk"
"Comfort y música para volar","Soda Stereo","1996","414","4.18","Alternative Rock, Neo-Psychedelia, Chamber Pop"
"Script of the Bridge","The Chameleons","1983","415","3.97","Post-Punk, Gothic Rock, Dream Pop"
"Bone Machine","Tom Waits","1992","416","3.96","Singer-Songwriter, Experimental Rock, Gothic Country, Blues"
"Arthur or the Decline and Fall of the British Empire","The Kinks","1969","417","3.98","Pop Rock, Rock Opera, Baroque Pop, Psychedelic Pop"
"Live at The Old Quarter, Houston, Texas","Townes Van Zandt","1977","418","4.17","Singer-Songwriter, Country, Contemporary Folk, Acoustic Blues, Talking Blues"
"Bloom","Beach House","2012","419","3.88","Dream Pop, Indie Pop, Ethereal Wave, Neo-Psychedelia"
"Exile on Main St.","The Rolling Stones","1972","420","3.93","Blues Rock, Roots Rock, Country Rock, Rhythm & Blues"
"Koi no yokan","Deftones","2012","421","3.93","Alternative Metal, Shoegaze, Alternative Rock"
"Let Love In","Nick Cave & The Bad Seeds","1994","422","3.94","Alternative Rock, Gothic Rock, Punk Blues, Dark Cabaret"
"Los Jaivas [El indio]","Los Jaivas","1975","423","4.02","Rock andino, Progressive Rock, Indigenous Andean Music, Symphonic Prog"
"When the Kite String Pops","Acid Bath","1994","424","3.95","Sludge Metal, Stoner Metal, Death Metal"
"Sobrevivendo no inferno","Racionais MC's","1997","425","4.01","Conscious Hip Hop, Boom Bap, Hardcore Hip Hop, Political Hip Hop, G-Funk"
"Vision Creation Newsun","Boredoms","1999","426","3.95","Experimental Rock, Neo-Psychedelia, Psychedelic Rock, Krautrock, Space Rock"
"Rodeo","Travis Scott","2015","427","3.86","Trap, Experimental Hip Hop, Pop Rap"
"Minecraft: Volume Beta","C418","2013","428","4.14","Ambient, Video Game Music, Electronic, Downtempo, Dark Ambient"
"The End of Evangelion","Johann Sebastian Bach / Shiro Sagisu","1997","429","4.16","Film Score, Orchestral Music, Modern Classical, Choral, Baroque Music"
"Oil of Every Pearl's Un-Insides","SOPHIE","2018","430","3.87","Deconstructed Club, Bubblegum Bass, Art Pop, Wonky"
"The Argument","Fugazi","2001","431","3.96","Post-Hardcore, Indie Rock, Art Rock, Art Punk"
"154","Wire","1979","432","3.97","Post-Punk, Art Punk, Experimental Rock, Gothic Rock"
"Disco Elysium","British Sea Power","2019","433","4.16","Video Game Music, Ambient, Post-Rock, Dark Ambient, Chamber Music"
"Here Come the Warm Jets","Eno","1974","434","3.94","Art Rock, Glam Rock, Experimental Rock, Psychedelic Pop"
"Vigilante","Willie Colón & Héctor Lavoe","1983","435","4.17","Salsa dura, Jazz Fusion, Latin Jazz"
"A Blaze in the Northern Sky","Darkthrone","1992","436","3.94","Black Metal, Death Metal"
"Roforofo Fight","Fela Kuti / The Africa '70","1972","437","4.01","Afrobeat, Jazz-Funk, Highlife"
"Emergency & I","The Dismemberment Plan","1999","438","3.92","Indie Rock, Post-Hardcore, Math Rock"
"Songs","Adrianne Lenker","2020","439","3.95","Singer-Songwriter, Contemporary Folk, Indie Folk"
"Just Got Back From the Discomfort - We're Alright","The Brave Little Abacus","2010","440","3.91","Midwest Emo, Experimental Rock, Math Rock, Post-Hardcore"
"Figure 8","Elliott Smith","2000","441","3.95","Singer-Songwriter, Indie Pop, Chamber Pop, Indie Rock"
"Performing Flood","Boris","2013","442","4.16","Post-Rock, Drone Metal, Noise"
"The Roxy Performances","The Mothers of Invention","2018","443","4.17","Jazz-Rock, Progressive Rock, Blues Rock, Funk Rock"
"White Light From the Mouth of Infinity","Swans","1991","444","3.92","Gothic Rock, Neofolk, Ethereal Wave"
"Music for 18 Musicians","Steve Reich / Steve Reich and Musicians","1998","445","4.00","Minimalism, Process Music, American Gamelan"
"Aratamemashite, hajimemashite, Midori desu.","Midori","2008","446","3.92","Art Punk, Post-Hardcore, Jazz-Rock, Noise Rock, Hardcore Punk"
"Leprosy","Death","1988","447","3.95","Death Metal"
"A I A: Alien Observer","Grouper","2011","448","3.93","Ambient, Drone, Ambient Pop"
"Sunshine Daydream: Veneta, Oregon, August 27, 1972","Grateful Dead","2013","449","4.17","Jam Band, Psychedelic Rock, Country Rock, Roots Rock"
"Pinkerton","Weezer","1996","450","3.83","Alternative Rock, Power Pop, Emo, Noise Pop"
"...Like Clockwork","Queens of the Stone Age","2013","451","3.91","Alternative Rock, Hard Rock, Stoner Rock"
"Yank Crime","Drive Like Jehu","1994","452","3.95","Post-Hardcore, Math Rock, Noise Rock, Emo"
"Hell Hath No Fury","Clipse","2006","453","3.95","Gangsta Rap, Coke Rap, Experimental Hip Hop, Mafioso Rap"
"The Lamb Lies Down on Broadway","Genesis","1974","454","3.96","Progressive Rock, Rock Opera, Symphonic Prog, Art Rock"
"A Charlie Brown Christmas","Ludwig van Beethoven / Vince Guaraldi","1965","455","4.12","Christmas Music, Cool Jazz, Television Music, Carols, West Coast Jazz"
"Black Unity","Pharoah Sanders","1972","456","3.99","Spiritual Jazz, Avant-Garde Jazz, Free Jazz"
"Olé Coltrane","John Coltrane","1961","457","3.98","Modal Jazz, Post-Bop, Cool Jazz"
"Three Cheers for Sweet Revenge","My Chemical Romance","2004","458","3.89","Emo-Pop, Pop Punk, Post-Hardcore, Mall Screamo"
"( )","Sigur Rós","2002","459","3.92","Post-Rock, Ambient, Dream Pop"
"Astral Weeks","Van Morrison","1968","460","3.92","Singer-Songwriter, Chamber Folk, Blue-Eyed Soul, Celtic Folk Music"
"There's a Riot Goin' On","Sly & The Family Stone","1971","461","3.95","Funk, Psychedelic Soul, Deep Funk, Progressive Soul"
"Time Out","The Dave Brubeck Quartet","1959","462","3.94","Cool Jazz, West Coast Jazz"
"Free for All","Art Blakey & The Jazz Messengers","1965","463","4.00","Hard Bop, Post-Bop"
"Swordfishtrombones","Tom Waits","1983","464","3.94","Singer-Songwriter, Experimental Rock, Blues, Beat Poetry"
"Anthems to the Welkin at Dusk","Emperor","1997","465","3.96","Symphonic Black Metal, Progressive Metal"
"Tabula rasa","Arvo Pärt","1984","466","3.97","Holy Minimalism, Chamber Music"
"Cornell 5/8/77","Grateful Dead","2017","467","4.16","Jam Band, Roots Rock, Psychedelic Rock, Funk Rock"
"Let It Bleed","Rolling Stones","1969","468","3.91","Blues Rock, Country Rock"
"Horses","Patti Smith","1975","469","3.91","Proto-Punk, Singer-Songwriter, Art Rock, Garage Rock, Art Punk"
"Be","Common","2005","470","3.94","Conscious Hip Hop, Jazz Rap, Neo-Soul"
"In the Nightside Eclipse","Emperor","1994","471","3.94","Symphonic Black Metal"
"Those Once Loyal","Bolt Thrower","2005","472","3.98","Death Metal, Groove Metal"
"Dead as Dreams","Weakling","2000","473","3.98","Atmospheric Black Metal, Black Metal, DSBM, Doom Metal"
"África Brasil","Jorge Ben","1976","474","3.99","Samba-rock, MPB, Funk, Samba Soul, Afoxé"
"Il était une forêt...","Gris","2007","475","3.98","DSBM, Atmospheric Black Metal, Dark Folk"
"The Texas-Jerusalem Crossroads","Lift to Experience","2001","476","3.95","Post-Rock, Shoegaze, Christian Rock, Rock Opera, Space Rock Revival"
"The Royal Scam","Steely Dan","1976","477","3.97","Pop Rock, Jazz-Rock, Funk Rock"
"Live Rust","Neil Young & Crazy Horse","1979","478","4.15","Singer-Songwriter, Country Rock, Hard Rock, Acoustic Rock"
"For the First Time","Black Country, New Road","2021","479","3.82","Post-Rock, Experimental Rock, Post-Punk, Art Punk, Klezmer"
"Transformer","Lou Reed","1972","480","3.89","Glam Rock, Pop Rock, Art Rock"
"Only Built 4 Cuban Linx...","Raekwon","1995","481","3.95","Boom Bap, Gangsta Rap, Mafioso Rap"
"The Gospel According To...","Mach-Hommy","2017","482","3.98","Jazz Rap, Conscious Hip Hop, Boom Bap, Abstract Hip Hop"
"Ashes Against the Grain","Agalloch","2006","483","3.94","Post-Metal, Atmospheric Black Metal, Post-Rock, Dark Folk"
"Inferno","Boards of Canada","2026","484","3.97","Downtempo, Hauntology, IDM, Ambient, Progressive Electronic"
"Al final de este viaje...","Silvio Rodríguez","1978","485","3.99","Nueva trova, Contemporary Folk"
"Sapporo Omoide in My Head","Number Girl","2003","486","4.16","Shimokita-kei, Post-Hardcore, Indie Rock, Noise Rock, Art Punk"
"Clair Obscur: Expedition 33","Lorien Testard","2025","487","4.15","Video Game Music, Cinematic Classical, Classical Crossover, Neoclassical New Age, Choral"
"Computerwelt","Kraftwerk","1981","488","3.93","Synthpop, Minimal Synth, Electro"
"Before and After Science","Brian Eno","1977","489","3.94","Art Rock, Ambient, New Wave"
"Knebworth 1996","Oasis","2021","490","4.16","Britpop, Neo-Psychedelia, Shoegaze"
"Schlagenheim","black midi","2019","491","3.84","Noise Rock, Math Rock, Experimental Rock, Post-Hardcore, Post-Punk"
"Deltron 3030","Deltron 3030","2000","492","3.93","Abstract Hip Hop, Boom Bap, Conscious Hip Hop"
"Oktubre","Patricio Rey y Sus Redonditos de Ricota","1986","493","3.99","Post-Punk, New Wave, Blues Rock"
"Songs From Suicide Bridge","David Kauffman & Eric Caboor","1984","494","3.98","Singer-Songwriter, Contemporary Folk, Loner Folk, Americana, Psychedelic Folk"
"Live After Death","Iron Maiden","1985","495","4.13","Heavy Metal"
"Around the Fur","Deftones","1997","496","3.84","Nu Metal, Alternative Metal, Post-Hardcore, Shoegaze"
"NieR:Automata","Keiichi Okabe & Keigo Hoashi","2017","497","4.12","Video Game Music, New Age, Cinematic Classical, Ambient, Classical Crossover"
"Unplugged","Los Tres","1996","498","4.16","Acoustic Rock, Folk Rock, Cueca"
"Mr. Morale & the Big Steppers","Kendrick Lamar","2022","499","3.78","Conscious Hip Hop, Pop Rap, Trap"
"Stress: The Extinction Agenda","Organized Konfusion","1994","500","3.97","Boom Bap, Jazz Rap, Conscious Hip Hop, Hardcore Hip Hop, Abstract Hip Hop"
